GiulianaBonora,22:36:31,2025-10-26
GiulianaBonora,22:36:31,2025-10-26
GiulianaBonora,22:36:31,2025-10-26
GiulianaBonora,22:36:31,2025-10-26
GiulianaBonora,22:36:32,2025-10-26
GiulianaBonora,22:36:32,2025-10-26
GiulianaBonora,22:36:32,2025-10-26
GiulianaBonora,22:36:32,2025-10-26
GiulianaBonora,22:36:32,2025-10-26
GiulianaBonora,22:36:32,2025-10-26
GiulianaBonora,22:36:32,2025-10-26
GiulianaBonora,22:36:32,2025-10-26
GiulianaBonora,22:36:32,2025-10-26
GiulianaBonora,22:36:32,2025-10-26
GiulianaBonora,22:36:32,2025-10-26
GiulianaBonora,22:36:32,2025-10-26
GiulianaBonora,22:36:32,2025-10-26
GiulianaBonora,22:36:32,2025-10-26
GiulianaBonora,22:36:32,2025-10-26
GiulianaBonora,22:36:33,2025-10-26
GiulianaBonora,22:36:33,2025-10-26
GiulianaBonora,22:36:33,2025-10-26
GiulianaBonora,22:36:33,2025-10-26
GiulianaBonora,22:36:33,2025-10-26
GiulianaBonora,22:36:33,2025-10-26
GiulianaBonora,22:36:33,2025-10-26
GiulianaBonora,22:36:33,2025-10-26
GiulianaBonora,22:36:33,2025-10-26
GiulianaBonora,22:36:33,2025-10-26
GiulianaBonora,22:36:33,2025-10-26
GiulianaBonora,22:36:33,2025-10-26
GiulianaBonora,22:36:33,2025-10-26
GiulianaBonora,22:36:33,2025-10-26
GiulianaBonora,22:36:33,2025-10-26
GiulianaBonora,22:36:33,2025-10-26
GiulianaBonora,22:36:34,2025-10-26
GiulianaBonora,22:36:34,2025-10-26
GiulianaBonora,22:36:34,2025-10-26
GiulianaBonora,22:36:34,2025-10-26
GiulianaBonora,22:36:34,2025-10-26
GiulianaBonora,22:36:34,2025-10-26
GiulianaBonora,22:36:34,2025-10-26
GiulianaBonora,22:36:34,2025-10-26
GiulianaBonora,22:36:34,2025-10-26
GiulianaBonora,22:36:34,2025-10-26
GiulianaBonora,22:36:34,2025-10-26
GiulianaBonora,22:36:34,2025-10-26
GiulianaBonora,22:36:34,2025-10-26
GiulianaBonora,22:36:34,2025-10-26
GiulianaBonora,22:36:34,2025-10-26
GiulianaBonora,22:36:35,2025-10-26
GiulianaBonora,22:36:35,2025-10-26
GiulianaBonora,22:36:35,2025-10-26
GiulianaBonora,22:36:35,2025-10-26
GiulianaBonora,22:36:35,2025-10-26
GiulianaBonora,22:36:35,2025-10-26
GiulianaBonora,22:36:35,2025-10-26
GiulianaBonora,22:36:35,2025-10-26
GiulianaBonora,22:36:35,2025-10-26
GiulianaBonora,22:36:35,2025-10-26
GiulianaBonora,22:36:35,2025-10-26
GiulianaBonora,22:36:35,2025-10-26
GiulianaBonora,22:36:35,2025-10-26
GiulianaBonora,22:36:35,2025-10-26
GiulianaBonora,22:36:35,2025-10-26
GiulianaBonora,22:36:36,2025-10-26
GiulianaBonora,22:36:36,2025-10-26
GiulianaBonora,22:36:36,2025-10-26
GiulianaBonora,22:36:36,2025-10-26
GiulianaBonora,22:36:36,2025-10-26
GiulianaBonora,22:36:36,2025-10-26
GiulianaBonora,22:36:36,2025-10-26
GiulianaBonora,22:36:36,2025-10-26
GiulianaBonora,22:36:36,2025-10-26
GiulianaBonora,22:36:36,2025-10-26
GiulianaBonora,22:36:36,2025-10-26
GiulianaBonora,22:36:36,2025-10-26
GiulianaBonora,22:36:36,2025-10-26
GiulianaBonora,22:36:36,2025-10-26
GiulianaBonora,22:37:00,2025-10-26
GiulianaBonora,22:37:00,2025-10-26
GiulianaBonora,22:37:00,2025-10-26
GiulianaBonora,22:37:00,2025-10-26
GiulianaBonora,22:37:00,2025-10-26
GiulianaBonora,22:37:00,2025-10-26
GiulianaBonora,22:37:00,2025-10-26
GiulianaBonora,22:37:00,2025-10-26
GiulianaBonora,22:37:00,2025-10-26
GiulianaBonora,22:37:00,2025-10-26
GiulianaBonora,22:37:00,2025-10-26
GiulianaBonora,22:37:00,2025-10-26
GiulianaBonora,22:37:00,2025-10-26
GiulianaBonora,22:37:00,2025-10-26
GiulianaBonora,22:37:01,2025-10-26
GiulianaBonora,22:37:01,2025-10-26
GiulianaBonora,22:37:01,2025-10-26
GiulianaBonora,22:37:01,2025-10-26
GiulianaBonora,22:37:01,2025-10-26
GiulianaBonora,22:37:01,2025-10-26
GiulianaBonora,22:37:01,2025-10-26
GiulianaBonora,22:37:01,2025-10-26
GiulianaBonora,22:37:01,2025-10-26
GiulianaBonora,22:37:01,2025-10-26
GiulianaBonora,22:37:01,2025-10-26
GiulianaBonora,22:37:01,2025-10-26
GiulianaBonora,22:37:01,2025-10-26
GiulianaBonora,22:37:01,2025-10-26
GiulianaBonora,22:37:01,2025-10-26
GiulianaBonora,22:37:02,2025-10-26
GiulianaBonora,22:37:02,2025-10-26
GiulianaBonora,22:37:02,2025-10-26
GiulianaBonora,22:37:02,2025-10-26
GiulianaBonora,22:37:02,2025-10-26
GiulianaBonora,22:37:02,2025-10-26
GiulianaBonora,22:37:02,2025-10-26
GiulianaBonora,22:37:02,2025-10-26
GiulianaBonora,22:37:02,2025-10-26
GiulianaBonora,22:37:02,2025-10-26
GiulianaBonora,22:37:02,2025-10-26
GiulianaBonora,22:37:02,2025-10-26
GiulianaBonora,22:37:02,2025-10-26
GiulianaBonora,22:37:02,2025-10-26
GiulianaBonora,22:37:02,2025-10-26
GiulianaBonora,22:37:03,2025-10-26
GiulianaBonora,22:37:03,2025-10-26
GiulianaBonora,22:37:03,2025-10-26
GiulianaBonora,22:37:03,2025-10-26
GiulianaBonora,22:37:03,2025-10-26
GiulianaBonora,22:37:03,2025-10-26
GiulianaBonora,22:43:47,2025-10-26
GiulianaBonora,22:43:47,2025-10-26
GiulianaBonora,22:43:47,2025-10-26
GiulianaBonora,22:43:47,2025-10-26
GiulianaBonora,22:43:47,2025-10-26
GiulianaBonora,22:43:47,2025-10-26
GiulianaBonora,22:43:47,2025-10-26
GiulianaBonora,22:43:47,2025-10-26
GiulianaBonora,22:43:47,2025-10-26
GiulianaBonora,22:43:47,2025-10-26
GiulianaBonora,22:43:47,2025-10-26
GiulianaBonora,22:43:47,2025-10-26
GiulianaBonora,22:43:47,2025-10-26
GiulianaBonora,22:43:47,2025-10-26
GiulianaBonora,22:43:47,2025-10-26
GiulianaBonora,22:43:48,2025-10-26
GiulianaBonora,22:43:48,2025-10-26
GiulianaBonora,22:43:48,2025-10-26
GiulianaBonora,22:43:48,2025-10-26
GiulianaBonora,22:43:48,2025-10-26
GiulianaBonora,22:43:48,2025-10-26
GiulianaBonora,22:43:48,2025-10-26
GiulianaBonora,22:43:48,2025-10-26
GiulianaBonora,22:43:48,2025-10-26
GiulianaBonora,22:43:48,2025-10-26
GiulianaBonora,22:43:48,2025-10-26
GiulianaBonora,22:43:48,2025-10-26
GiulianaBonora,22:43:48,2025-10-26
GiulianaBonora,22:43:48,2025-10-26
GiulianaBonora,22:43:48,2025-10-26
GiulianaBonora,22:43:49,2025-10-26
GiulianaBonora,22:43:49,2025-10-26
GiulianaBonora,22:43:49,2025-10-26
GiulianaBonora,22:43:49,2025-10-26
GiulianaBonora,22:43:49,2025-10-26
GiulianaBonora,22:43:49,2025-10-26
GiulianaBonora,22:43:49,2025-10-26
GiulianaBonora,22:43:49,2025-10-26
GiulianaBonora,22:43:49,2025-10-26
GiulianaBonora,22:43:49,2025-10-26
GiulianaBonora,22:43:49,2025-10-26
GiulianaBonora,22:43:49,2025-10-26
GiulianaBonora,22:43:49,2025-10-26
GiulianaBonora,22:43:49,2025-10-26
GiulianaBonora,22:43:49,2025-10-26
GiulianaBonora,22:43:50,2025-10-26
GiulianaBonora,22:43:50,2025-10-26
GiulianaBonora,22:43:50,2025-10-26
GiulianaBonora,22:43:50,2025-10-26
GiulianaBonora,22:43:50,2025-10-26
GiulianaBonora,22:43:50,2025-10-26
GiulianaBonora,22:43:50,2025-10-26
GiulianaBonora,22:43:50,2025-10-26
GiulianaBonora,22:43:50,2025-10-26
GiulianaBonora,22:43:50,2025-10-26
GiulianaBonora,22:43:50,2025-10-26
GiulianaBonora,22:43:50,2025-10-26
GiulianaBonora,22:43:50,2025-10-26
GiulianaBonora,22:43:50,2025-10-26
GiulianaBonora,22:43:50,2025-10-26
GiulianaBonora,22:43:51,2025-10-26
GiulianaBonora,22:43:51,2025-10-26
GiulianaBonora,22:43:51,2025-10-26
GiulianaBonora,22:43:51,2025-10-26
GiulianaBonora,22:43:51,2025-10-26
GiulianaBonora,22:43:51,2025-10-26
GiulianaBonora,22:43:51,2025-10-26
GiulianaBonora,22:43:51,2025-10-26
GiulianaBonora,22:43:51,2025-10-26
GiulianaBonora,22:43:51,2025-10-26
GiulianaBonora,22:43:51,2025-10-26
GiulianaBonora,22:43:51,2025-10-26
GiulianaBonora,22:43:51,2025-10-26
GiulianaBonora,22:43:51,2025-10-26
GiulianaBonora,22:43:51,2025-10-26
GiulianaBonora,22:43:52,2025-10-26
GiulianaBonora,22:43:52,2025-10-26
GiulianaBonora,22:43:52,2025-10-26
GiulianaBonora,22:43:52,2025-10-26
GiulianaBonora,22:43:52,2025-10-26
GiulianaBonora,22:43:52,2025-10-26
GiulianaBonora,22:43:52,2025-10-26
GiulianaBonora,22:43:52,2025-10-26
GiulianaBonora,22:44:35,2025-10-26
GiulianaBonora,22:44:35,2025-10-26
GiulianaBonora,22:44:35,2025-10-26
GiulianaBonora,22:44:35,2025-10-26
GiulianaBonora,22:44:35,2025-10-26
GiulianaBonora,22:44:35,2025-10-26
GiulianaBonora,22:44:36,2025-10-26
GiulianaBonora,22:44:36,2025-10-26
GiulianaBonora,22:44:36,2025-10-26
GiulianaBonora,22:44:36,2025-10-26
GiulianaBonora,22:44:36,2025-10-26
GiulianaBonora,22:44:36,2025-10-26
GiulianaBonora,22:44:36,2025-10-26
GiulianaBonora,22:44:36,2025-10-26
GiulianaBonora,22:44:36,2025-10-26
GiulianaBonora,22:44:36,2025-10-26
GiulianaBonora,22:44:36,2025-10-26
GiulianaBonora,22:44:36,2025-10-26
GiulianaBonora,22:44:36,2025-10-26
GiulianaBonora,22:44:36,2025-10-26
GiulianaBonora,22:44:36,2025-10-26
GiulianaBonora,22:44:37,2025-10-26
GiulianaBonora,22:44:37,2025-10-26
GiulianaBonora,22:44:37,2025-10-26
GiulianaBonora,22:44:37,2025-10-26
GiulianaBonora,22:44:37,2025-10-26
GiulianaBonora,22:44:37,2025-10-26
GiulianaBonora,22:44:37,2025-10-26
GiulianaBonora,22:44:37,2025-10-26
GiulianaBonora,22:45:26,2025-10-26
GiulianaBonora,22:45:26,2025-10-26
GiulianaBonora,22:45:26,2025-10-26
GiulianaBonora,22:45:26,2025-10-26
GiulianaBonora,22:45:26,2025-10-26
GiulianaBonora,22:45:26,2025-10-26
GiulianaBonora,22:45:26,2025-10-26
GiulianaBonora,22:45:26,2025-10-26
GiulianaBonora,22:45:26,2025-10-26
GiulianaBonora,22:45:26,2025-10-26
GiulianaBonora,22:45:26,2025-10-26
GiulianaBonora,22:45:26,2025-10-26
GiulianaBonora,22:45:26,2025-10-26
GiulianaBonora,22:45:27,2025-10-26
GiulianaBonora,22:45:27,2025-10-26
GiulianaBonora,22:45:27,2025-10-26
GiulianaBonora,22:45:27,2025-10-26
GiulianaBonora,22:45:27,2025-10-26
GiulianaBonora,22:45:27,2025-10-26
GiulianaBonora,22:45:27,2025-10-26
GiulianaBonora,22:45:27,2025-10-26
GiulianaBonora,22:45:27,2025-10-26
GiulianaBonora,22:45:27,2025-10-26
GiulianaBonora,22:45:27,2025-10-26
GiulianaBonora,22:45:27,2025-10-26
GiulianaBonora,22:45:27,2025-10-26
GiulianaBonora,22:45:27,2025-10-26
GiulianaBonora,22:45:27,2025-10-26
GiulianaBonora,22:45:28,2025-10-26
GiulianaBonora,22:45:28,2025-10-26
GiulianaBonora,22:45:28,2025-10-26
GiulianaBonora,22:45:28,2025-10-26
GiulianaBonora,22:45:28,2025-10-26
GiulianaBonora,22:45:28,2025-10-26
GiulianaBonora,22:45:28,2025-10-26
GiulianaBonora,22:45:28,2025-10-26
GiulianaBonora,22:45:28,2025-10-26
GiulianaBonora,22:45:28,2025-10-26
GiulianaBonora,22:45:28,2025-10-26
GiulianaBonora,22:45:28,2025-10-26
GiulianaBonora,22:45:28,2025-10-26
GiulianaBonora,22:45:28,2025-10-26
GiulianaBonora,22:45:28,2025-10-26
GiulianaBonora,22:45:29,2025-10-26
GiulianaBonora,22:45:29,2025-10-26
GiulianaBonora,22:45:29,2025-10-26
GiulianaBonora,22:45:29,2025-10-26
GiulianaBonora,22:45:29,2025-10-26
GiulianaBonora,22:45:29,2025-10-26
GiulianaBonora,22:45:29,2025-10-26
GiulianaBonora,22:45:29,2025-10-26
GiulianaBonora,22:45:29,2025-10-26
GiulianaBonora,22:45:29,2025-10-26
GiulianaBonora,22:45:29,2025-10-26
GiulianaBonora,22:45:29,2025-10-26
GiulianaBonora,22:45:29,2025-10-26
GiulianaBonora,22:45:29,2025-10-26
GiulianaBonora,22:45:29,2025-10-26
GiulianaBonora,22:45:30,2025-10-26
GiulianaBonora,22:45:30,2025-10-26
GiulianaBonora,22:45:30,2025-10-26
GiulianaBonora,22:45:30,2025-10-26
GiulianaBonora,22:50:57,2025-10-26
GiulianaBonora,22:50:57,2025-10-26
GiulianaBonora,22:50:57,2025-10-26
GiulianaBonora,22:50:57,2025-10-26
GiulianaBonora,22:50:57,2025-10-26
GiulianaBonora,22:50:57,2025-10-26
GiulianaBonora,22:50:57,2025-10-26
GiulianaBonora,22:50:57,2025-10-26
GiulianaBonora,22:50:57,2025-10-26
GiulianaBonora,22:50:57,2025-10-26
GiulianaBonora,22:50:57,2025-10-26
GiulianaBonora,22:50:58,2025-10-26
GiulianaBonora,22:50:58,2025-10-26
GiulianaBonora,22:50:58,2025-10-26
GiulianaBonora,22:50:58,2025-10-26
GiulianaBonora,22:50:58,2025-10-26
GiulianaBonora,22:50:58,2025-10-26
GiulianaBonora,22:50:58,2025-10-26
GiulianaBonora,22:50:58,2025-10-26
GiulianaBonora,22:50:58,2025-10-26
GiulianaBonora,22:50:58,2025-10-26
GiulianaBonora,22:50:58,2025-10-26
GiulianaBonora,22:50:58,2025-10-26
GiulianaBonora,22:50:58,2025-10-26
GiulianaBonora,22:50:58,2025-10-26
GiulianaBonora,22:50:58,2025-10-26
GiulianaBonora,22:50:59,2025-10-26
GiulianaBonora,22:50:59,2025-10-26
GiulianaBonora,22:50:59,2025-10-26
GiulianaBonora,22:50:59,2025-10-26
GiulianaBonora,22:50:59,2025-10-26
GiulianaBonora,22:50:59,2025-10-26
GiulianaBonora,22:50:59,2025-10-26
GiulianaBonora,22:50:59,2025-10-26
GiulianaBonora,22:50:59,2025-10-26
GiulianaBonora,22:50:59,2025-10-26
GiulianaBonora,22:50:59,2025-10-26
GiulianaBonora,22:50:59,2025-10-26
GiulianaBonora,22:50:59,2025-10-26
GiulianaBonora,22:50:59,2025-10-26
GiulianaBonora,22:50:59,2025-10-26
GiulianaBonora,22:51:00,2025-10-26
GiulianaBonora,22:51:00,2025-10-26
GiulianaBonora,22:51:00,2025-10-26
GiulianaBonora,22:51:00,2025-10-26
GiulianaBonora,22:51:00,2025-10-26
GiulianaBonora,22:51:00,2025-10-26
GiulianaBonora,22:51:00,2025-10-26
GiulianaBonora,22:51:00,2025-10-26
GiulianaBonora,22:51:00,2025-10-26
GiulianaBonora,22:51:21,2025-10-26
GiulianaBonora,22:51:23,2025-10-26
GiulianaBonora,22:51:23,2025-10-26
GiulianaBonora,22:51:23,2025-10-26
GiulianaBonora,22:51:23,2025-10-26
GiulianaBonora,22:51:23,2025-10-26
GiulianaBonora,22:51:23,2025-10-26
GiulianaBonora,22:51:23,2025-10-26
GiulianaBonora,22:51:23,2025-10-26
GiulianaBonora,22:51:23,2025-10-26
GiulianaBonora,22:51:23,2025-10-26
GiulianaBonora,22:51:23,2025-10-26
GiulianaBonora,22:51:23,2025-10-26
GiulianaBonora,22:51:23,2025-10-26
GiulianaBonora,22:51:23,2025-10-26
GiulianaBonora,22:51:23,2025-10-26
GiulianaBonora,22:52:13,2025-10-26
GiulianaBonora,22:52:13,2025-10-26
GiulianaBonora,22:52:13,2025-10-26
GiulianaBonora,22:52:13,2025-10-26
GiulianaBonora,22:52:13,2025-10-26
GiulianaBonora,22:52:13,2025-10-26
GiulianaBonora,22:52:13,2025-10-26
GiulianaBonora,22:52:13,2025-10-26
GiulianaBonora,22:52:13,2025-10-26
GiulianaBonora,22:52:13,2025-10-26
GiulianaBonora,22:52:13,2025-10-26
GiulianaBonora,22:52:13,2025-10-26
GiulianaBonora,22:52:13,2025-10-26
GiulianaBonora,22:52:13,2025-10-26
GiulianaBonora,22:52:14,2025-10-26
GiulianaBonora,22:52:14,2025-10-26
GiulianaBonora,22:52:14,2025-10-26
GiulianaBonora,22:52:14,2025-10-26
GiulianaBonora,22:52:14,2025-10-26
GiulianaBonora,22:52:14,2025-10-26
GiulianaBonora,22:52:14,2025-10-26
GiulianaBonora,22:52:14,2025-10-26
GiulianaBonora,22:52:14,2025-10-26
GiulianaBonora,22:52:14,2025-10-26
ValentinaArriaga,22:52:51,2025-10-26
ValentinaArriaga,22:52:51,2025-10-26
ValentinaArriaga,22:52:51,2025-10-26
ValentinaArriaga,22:52:51,2025-10-26
GiulianaBonora,22:59:20,2025-10-26
GiulianaBonora,22:59:22,2025-10-26
GiulianaBonora,22:59:22,2025-10-26
GiulianaBonora,22:59:22,2025-10-26
GiulianaBonora,22:59:22,2025-10-26
GiulianaBonora,22:59:23,2025-10-26
GiulianaBonora,22:59:23,2025-10-26
GiulianaBonora,22:59:23,2025-10-26
GiulianaBonora,22:59:23,2025-10-26
GiulianaBonora,22:59:23,2025-10-26
GiulianaBonora,22:59:23,2025-10-26
GiulianaBonora,22:59:23,2025-10-26
GiulianaBonora,22:59:23,2025-10-26
GiulianaBonora,22:59:23,2025-10-26
GiulianaBonora,22:59:23,2025-10-26
GiulianaBonora,22:59:23,2025-10-26
GiulianaBonora,22:59:23,2025-10-26
GiulianaBonora,22:59:23,2025-10-26
GiulianaBonora,22:59:23,2025-10-26
GiulianaBonora,22:59:23,2025-10-26
GiulianaBonora,22:59:24,2025-10-26
GiulianaBonora,22:59:24,2025-10-26
GiulianaBonora,22:59:24,2025-10-26
GiulianaBonora,22:59:24,2025-10-26
GiulianaBonora,22:59:24,2025-10-26
GiulianaBonora,22:59:24,2025-10-26
GiulianaBonora,22:59:24,2025-10-26
GiulianaBonora,22:59:24,2025-10-26
GiulianaBonora,22:59:24,2025-10-26
GiulianaBonora,22:59:24,2025-10-26
GiulianaBonora,22:59:24,2025-10-26
GiulianaBonora,22:59:24,2025-10-26
GiulianaBonora,22:59:24,2025-10-26
GiulianaBonora,22:59:24,2025-10-26
GiulianaBonora,22:59:27,2025-10-26
GiulianaBonora,22:59:27,2025-10-26
GiulianaBonora,22:59:29,2025-10-26
GiulianaBonora,22:59:30,2025-10-26
GiulianaBonora,22:59:30,2025-10-26
GiulianaBonora,22:59:30,2025-10-26
GiulianaBonora,22:59:30,2025-10-26
GiulianaBonora,22:59:30,2025-10-26
GiulianaBonora,22:59:30,2025-10-26
GiulianaBonora,22:59:30,2025-10-26
GiulianaBonora,22:59:30,2025-10-26
GiulianaBonora,22:59:30,2025-10-26
GiulianaBonora,22:59:30,2025-10-26
GiulianaBonora,22:59:30,2025-10-26
GiulianaBonora,22:59:30,2025-10-26
GiulianaBonora,23:03:37,2025-10-26
GiulianaBonora,23:03:37,2025-10-26
GiulianaBonora,23:03:37,2025-10-26
GiulianaBonora,23:03:37,2025-10-26
GiulianaBonora,23:03:37,2025-10-26
GiulianaBonora,23:03:37,2025-10-26
GiulianaBonora,23:03:37,2025-10-26
GiulianaBonora,23:03:38,2025-10-26
GiulianaBonora,23:03:38,2025-10-26
GiulianaBonora,23:03:38,2025-10-26
GiulianaBonora,23:05:40,2025-10-26
GiulianaBonora,23:05:40,2025-10-26
GiulianaBonora,23:05:40,2025-10-26
GiulianaBonora,23:05:40,2025-10-26
GiulianaBonora,23:05:41,2025-10-26
GiulianaBonora,23:05:41,2025-10-26
GiulianaBonora,23:05:41,2025-10-26
GiulianaBonora,23:05:41,2025-10-26
GiulianaBonora,23:05:41,2025-10-26
GiulianaBonora,23:05:41,2025-10-26
GiulianaBonora,23:05:41,2025-10-26
GiulianaBonora,23:05:41,2025-10-26
GiulianaBonora,23:05:41,2025-10-26
GiulianaBonora,23:05:41,2025-10-26
GiulianaBonora,23:05:41,2025-10-26
GiulianaBonora,23:05:41,2025-10-26
GiulianaBonora,23:05:41,2025-10-26
GiulianaBonora,23:05:41,2025-10-26
GiulianaBonora,23:05:41,2025-10-26
GiulianaBonora,23:05:42,2025-10-26
GiulianaBonora,23:05:42,2025-10-26
GiulianaBonora,23:05:42,2025-10-26
GiulianaBonora,23:05:42,2025-10-26
GiulianaBonora,23:05:42,2025-10-26
GiulianaBonora,23:05:42,2025-10-26
GiulianaBonora,23:05:42,2025-10-26
GiulianaBonora,23:05:42,2025-10-26
GiulianaBonora,23:05:42,2025-10-26
GiulianaBonora,23:05:42,2025-10-26
GiulianaBonora,23:05:42,2025-10-26
GiulianaBonora,23:05:42,2025-10-26
GiulianaBonora,23:05:42,2025-10-26
GiulianaBonora,23:05:42,2025-10-26
GiulianaBonora,23:05:42,2025-10-26
GiulianaBonora,23:05:43,2025-10-26
GiulianaBonora,23:05:43,2025-10-26
GiulianaBonora,23:05:43,2025-10-26
GiulianaBonora,23:05:43,2025-10-26
GiulianaBonora,23:05:43,2025-10-26
GiulianaBonora,23:32:14,2025-10-26
GiulianaBonora,23:32:14,2025-10-26
GiulianaBonora,23:32:14,2025-10-26
GiulianaBonora,23:32:14,2025-10-26
GiulianaBonora,23:32:14,2025-10-26
GiulianaBonora,23:32:14,2025-10-26
GiulianaBonora,23:32:14,2025-10-26
GiulianaBonora,23:32:14,2025-10-26
GiulianaBonora,23:32:15,2025-10-26
GiulianaBonora,23:32:15,2025-10-26
GiulianaBonora,23:32:15,2025-10-26
GiulianaBonora,23:32:15,2025-10-26
GiulianaBonora,23:32:15,2025-10-26
GiulianaBonora,23:32:15,2025-10-26
GiulianaBonora,23:32:15,2025-10-26
GiulianaBonora,23:32:15,2025-10-26
GiulianaBonora,23:32:15,2025-10-26
GiulianaBonora,23:32:15,2025-10-26
GiulianaBonora,23:32:15,2025-10-26
GiulianaBonora,23:32:15,2025-10-26
GiulianaBonora,23:32:22,2025-10-26
GiulianaBonora,23:32:22,2025-10-26
GiulianaBonora,23:32:22,2025-10-26
GiulianaBonora,23:32:22,2025-10-26
GiulianaBonora,23:32:22,2025-10-26
GiulianaBonora,23:32:22,2025-10-26
GiulianaBonora,23:32:22,2025-10-26
GiulianaBonora,23:32:22,2025-10-26
GiulianaBonora,23:32:22,2025-10-26
GiulianaBonora,23:32:23,2025-10-26
GiulianaBonora,23:32:23,2025-10-26
GiulianaBonora,23:32:23,2025-10-26
GiulianaBonora,23:32:23,2025-10-26
GiulianaBonora,23:32:23,2025-10-26
GiulianaBonora,23:32:23,2025-10-26
GiulianaBonora,23:32:23,2025-10-26
GiulianaBonora,23:32:23,2025-10-26
GiulianaBonora,23:32:23,2025-10-26
GiulianaBonora,23:32:23,2025-10-26
GiulianaBonora,23:32:23,2025-10-26
GiulianaBonora,23:32:23,2025-10-26
GiulianaBonora,23:35:49,2025-10-26
GiulianaBonora,23:35:49,2025-10-26
GiulianaBonora,23:35:49,2025-10-26
GiulianaBonora,23:35:49,2025-10-26
GiulianaBonora,23:35:49,2025-10-26
GiulianaBonora,23:35:49,2025-10-26
GiulianaBonora,23:35:49,2025-10-26
GiulianaBonora,23:35:49,2025-10-26
GiulianaBonora,23:35:49,2025-10-26
GiulianaBonora,23:35:49,2025-10-26
GiulianaBonora,23:35:49,2025-10-26
GiulianaBonora,23:35:49,2025-10-26
GiulianaBonora,23:35:49,2025-10-26
GiulianaBonora,23:35:50,2025-10-26
GiulianaBonora,23:35:50,2025-10-26
GiulianaBonora,23:35:50,2025-10-26
GiulianaBonora,23:35:50,2025-10-26
GiulianaBonora,23:35:50,2025-10-26
GiulianaBonora,23:35:50,2025-10-26
GiulianaBonora,23:35:50,2025-10-26
GiulianaBonora,23:35:50,2025-10-26
GiulianaBonora,23:35:50,2025-10-26
GiulianaBonora,23:35:50,2025-10-26
GiulianaBonora,23:35:50,2025-10-26
GiulianaBonora,23:35:50,2025-10-26
GiulianaBonora,23:35:50,2025-10-26
GiulianaBonora,23:35:50,2025-10-26
GiulianaBonora,23:35:50,2025-10-26
GiulianaBonora,23:35:51,2025-10-26
GiulianaBonora,23:35:51,2025-10-26
GiulianaBonora,23:35:51,2025-10-26
GiulianaBonora,23:35:51,2025-10-26
GiulianaBonora,23:35:51,2025-10-26
GiulianaBonora,23:35:51,2025-10-26
GiulianaBonora,23:35:51,2025-10-26
GiulianaBonora,23:35:51,2025-10-26
