NO AUTORIZADO,22:54:40,2025-10-22
NO AUTORIZADO,22:54:40,2025-10-22
NO AUTORIZADO,22:54:40,2025-10-22
NO AUTORIZADO,22:54:40,2025-10-22
NO AUTORIZADO,22:54:40,2025-10-22
NO AUTORIZADO,22:54:40,2025-10-22
NO AUTORIZADO,22:54:40,2025-10-22
NO AUTORIZADO,22:54:41,2025-10-22
NO AUTORIZADO,22:54:41,2025-10-22
NO AUTORIZADO,22:54:41,2025-10-22
NO AUTORIZADO,22:54:41,2025-10-22
NO AUTORIZADO,22:54:41,2025-10-22
NO AUTORIZADO,22:54:41,2025-10-22
NO AUTORIZADO,22:54:41,2025-10-22
NO AUTORIZADO,22:54:41,2025-10-22
NO AUTORIZADO,22:54:41,2025-10-22
NO AUTORIZADO,22:54:41,2025-10-22
NO AUTORIZADO,22:54:41,2025-10-22
NO AUTORIZADO,22:54:41,2025-10-22
NO AUTORIZADO,22:54:41,2025-10-22
NO AUTORIZADO,22:54:41,2025-10-22
NO AUTORIZADO,22:54:41,2025-10-22
NO AUTORIZADO,22:54:42,2025-10-22
NO AUTORIZADO,22:54:42,2025-10-22
NO AUTORIZADO,22:54:42,2025-10-22
NO AUTORIZADO,22:54:42,2025-10-22
NO AUTORIZADO,22:54:42,2025-10-22
NO AUTORIZADO,22:54:42,2025-10-22
NO AUTORIZADO,22:54:42,2025-10-22
NO AUTORIZADO,22:54:42,2025-10-22
NO AUTORIZADO,22:54:42,2025-10-22
NO AUTORIZADO,22:54:42,2025-10-22
NO AUTORIZADO,22:54:42,2025-10-22
NO AUTORIZADO,22:54:42,2025-10-22
NO AUTORIZADO,22:54:42,2025-10-22
NO AUTORIZADO,22:54:42,2025-10-22
NO AUTORIZADO,22:54:42,2025-10-22
NO AUTORIZADO,22:54:43,2025-10-22
NO AUTORIZADO,22:54:43,2025-10-22
NO AUTORIZADO,22:54:43,2025-10-22
NO AUTORIZADO,22:54:43,2025-10-22
NO AUTORIZADO,22:54:43,2025-10-22
NO AUTORIZADO,22:54:43,2025-10-22
NO AUTORIZADO,22:54:43,2025-10-22
NO AUTORIZADO,22:54:43,2025-10-22
NO AUTORIZADO,22:54:43,2025-10-22
NO AUTORIZADO,22:54:43,2025-10-22
NO AUTORIZADO,22:54:43,2025-10-22
NO AUTORIZADO,22:54:43,2025-10-22
NO AUTORIZADO,22:54:43,2025-10-22
NO AUTORIZADO,22:54:43,2025-10-22
NO AUTORIZADO,22:54:43,2025-10-22
NO AUTORIZADO,22:54:44,2025-10-22
NO AUTORIZADO,22:54:44,2025-10-22
NO AUTORIZADO,22:54:44,2025-10-22
NO AUTORIZADO,22:54:44,2025-10-22
NO AUTORIZADO,22:54:44,2025-10-22
NO AUTORIZADO,22:54:44,2025-10-22
NO AUTORIZADO,22:54:44,2025-10-22
NO AUTORIZADO,22:54:44,2025-10-22
NO AUTORIZADO,22:54:44,2025-10-22
NO AUTORIZADO,22:54:44,2025-10-22
NO AUTORIZADO,22:54:44,2025-10-22
NO AUTORIZADO,22:54:44,2025-10-22
NO AUTORIZADO,22:54:44,2025-10-22
NO AUTORIZADO,22:54:44,2025-10-22
NO AUTORIZADO,22:54:44,2025-10-22
NO AUTORIZADO,22:54:45,2025-10-22
NO AUTORIZADO,22:54:45,2025-10-22
NO AUTORIZADO,22:54:45,2025-10-22
NO AUTORIZADO,22:54:45,2025-10-22
NO AUTORIZADO,22:54:45,2025-10-22
NO AUTORIZADO,22:54:45,2025-10-22
NO AUTORIZADO,22:54:45,2025-10-22
NO AUTORIZADO,22:54:45,2025-10-22
NO AUTORIZADO,22:54:45,2025-10-22
NO AUTORIZADO,22:54:45,2025-10-22
NO AUTORIZADO,22:54:45,2025-10-22
NO AUTORIZADO,22:54:45,2025-10-22
NO AUTORIZADO,22:54:45,2025-10-22
NO AUTORIZADO,22:54:45,2025-10-22
NO AUTORIZADO,22:54:45,2025-10-22
NO AUTORIZADO,22:54:46,2025-10-22
NO AUTORIZADO,22:54:46,2025-10-22
NO AUTORIZADO,22:54:46,2025-10-22
NO AUTORIZADO,22:54:46,2025-10-22
NO AUTORIZADO,22:54:46,2025-10-22
NO AUTORIZADO,22:54:46,2025-10-22
NO AUTORIZADO,22:54:46,2025-10-22
NO AUTORIZADO,22:54:46,2025-10-22
NO AUTORIZADO,22:54:46,2025-10-22
NO AUTORIZADO,22:54:46,2025-10-22
NO AUTORIZADO,22:54:46,2025-10-22
NO AUTORIZADO,22:54:46,2025-10-22
NO AUTORIZADO,22:54:46,2025-10-22
NO AUTORIZADO,22:54:46,2025-10-22
NO AUTORIZADO,22:54:46,2025-10-22
NO AUTORIZADO,22:54:47,2025-10-22
NO AUTORIZADO,22:54:47,2025-10-22
NO AUTORIZADO,22:54:47,2025-10-22
NO AUTORIZADO,22:54:47,2025-10-22
NO AUTORIZADO,22:54:47,2025-10-22
NO AUTORIZADO,22:54:47,2025-10-22
NO AUTORIZADO,22:54:47,2025-10-22
NO AUTORIZADO,22:54:47,2025-10-22
NO AUTORIZADO,22:54:47,2025-10-22
NO AUTORIZADO,22:54:47,2025-10-22
NO AUTORIZADO,22:54:48,2025-10-22
NO AUTORIZADO,22:54:48,2025-10-22
NO AUTORIZADO,22:54:48,2025-10-22
NO AUTORIZADO,22:54:49,2025-10-22
NO AUTORIZADO,22:54:49,2025-10-22
NO AUTORIZADO,22:54:49,2025-10-22
NO AUTORIZADO,22:54:49,2025-10-22
NO AUTORIZADO,22:54:49,2025-10-22
NO AUTORIZADO,22:54:49,2025-10-22
NO AUTORIZADO,22:54:49,2025-10-22
NO AUTORIZADO,22:54:49,2025-10-22
NO AUTORIZADO,22:54:49,2025-10-22
NO AUTORIZADO,22:54:49,2025-10-22
NO AUTORIZADO,22:54:49,2025-10-22
NO AUTORIZADO,22:54:49,2025-10-22
NO AUTORIZADO,22:54:49,2025-10-22
NO AUTORIZADO,22:54:49,2025-10-22
NO AUTORIZADO,22:54:50,2025-10-22
NO AUTORIZADO,22:54:50,2025-10-22
NO AUTORIZADO,22:54:50,2025-10-22
NO AUTORIZADO,22:54:50,2025-10-22
NO AUTORIZADO,22:54:50,2025-10-22
NO AUTORIZADO,22:54:50,2025-10-22
NO AUTORIZADO,22:54:50,2025-10-22
NO AUTORIZADO,22:54:50,2025-10-22
NO AUTORIZADO,22:54:50,2025-10-22
NO AUTORIZADO,22:54:50,2025-10-22
NO AUTORIZADO,22:54:50,2025-10-22
NO AUTORIZADO,22:54:50,2025-10-22
NO AUTORIZADO,22:54:50,2025-10-22
NO AUTORIZADO,22:54:50,2025-10-22
NO AUTORIZADO,22:54:50,2025-10-22
NO AUTORIZADO,22:54:51,2025-10-22
NO AUTORIZADO,22:54:51,2025-10-22
NO AUTORIZADO,22:54:51,2025-10-22
NO AUTORIZADO,22:54:51,2025-10-22
NO AUTORIZADO,22:54:51,2025-10-22
NO AUTORIZADO,22:54:51,2025-10-22
NO AUTORIZADO,22:54:51,2025-10-22
NO AUTORIZADO,22:54:51,2025-10-22
NO AUTORIZADO,22:54:51,2025-10-22
NO AUTORIZADO,22:54:51,2025-10-22
NO AUTORIZADO,22:54:51,2025-10-22
NO AUTORIZADO,22:54:51,2025-10-22
NO AUTORIZADO,22:54:51,2025-10-22
NO AUTORIZADO,22:54:51,2025-10-22
NO AUTORIZADO,22:54:51,2025-10-22
NO AUTORIZADO,22:54:52,2025-10-22
NO AUTORIZADO,22:54:52,2025-10-22
NO AUTORIZADO,22:54:52,2025-10-22
NO AUTORIZADO,22:54:52,2025-10-22
NO AUTORIZADO,22:54:52,2025-10-22
NO AUTORIZADO,22:54:52,2025-10-22
NO AUTORIZADO,22:54:52,2025-10-22
NO AUTORIZADO,22:54:52,2025-10-22
NO AUTORIZADO,22:54:52,2025-10-22
NO AUTORIZADO,22:54:52,2025-10-22
NO AUTORIZADO,22:54:52,2025-10-22
NO AUTORIZADO,22:54:52,2025-10-22
NO AUTORIZADO,22:54:52,2025-10-22
NO AUTORIZADO,22:54:52,2025-10-22
NO AUTORIZADO,22:54:52,2025-10-22
NO AUTORIZADO,22:54:53,2025-10-22
NO AUTORIZADO,22:54:53,2025-10-22
NO AUTORIZADO,22:54:53,2025-10-22
NO AUTORIZADO,22:54:53,2025-10-22
NO AUTORIZADO,22:54:53,2025-10-22
NO AUTORIZADO,22:54:53,2025-10-22
NO AUTORIZADO,22:54:53,2025-10-22
NO AUTORIZADO,22:54:53,2025-10-22
NO AUTORIZADO,22:54:53,2025-10-22
NO AUTORIZADO,22:54:53,2025-10-22
NO AUTORIZADO,22:54:53,2025-10-22
NO AUTORIZADO,22:54:53,2025-10-22
NO AUTORIZADO,22:54:53,2025-10-22
NO AUTORIZADO,22:54:53,2025-10-22
NO AUTORIZADO,22:54:53,2025-10-22
NO AUTORIZADO,22:54:54,2025-10-22
NO AUTORIZADO,22:54:54,2025-10-22
NO AUTORIZADO,22:54:54,2025-10-22
NO AUTORIZADO,22:54:54,2025-10-22
NO AUTORIZADO,22:54:54,2025-10-22
NO AUTORIZADO,22:54:54,2025-10-22
NO AUTORIZADO,22:54:54,2025-10-22
NO AUTORIZADO,22:54:54,2025-10-22
NO AUTORIZADO,22:54:54,2025-10-22
NO AUTORIZADO,22:54:54,2025-10-22
NO AUTORIZADO,22:54:54,2025-10-22
NO AUTORIZADO,22:54:54,2025-10-22
NO AUTORIZADO,22:54:54,2025-10-22
NO AUTORIZADO,22:54:54,2025-10-22
NO AUTORIZADO,22:54:54,2025-10-22
NO AUTORIZADO,22:54:55,2025-10-22
NO AUTORIZADO,22:54:55,2025-10-22
NO AUTORIZADO,22:54:55,2025-10-22
NO AUTORIZADO,22:54:55,2025-10-22
NO AUTORIZADO,22:54:55,2025-10-22
NO AUTORIZADO,22:54:55,2025-10-22
NO AUTORIZADO,22:54:55,2025-10-22
NO AUTORIZADO,22:54:55,2025-10-22
NO AUTORIZADO,22:54:55,2025-10-22
NO AUTORIZADO,22:54:55,2025-10-22
NO AUTORIZADO,22:54:55,2025-10-22
NO AUTORIZADO,22:54:55,2025-10-22
NO AUTORIZADO,22:54:55,2025-10-22
NO AUTORIZADO,22:54:55,2025-10-22
NO AUTORIZADO,22:54:55,2025-10-22
NO AUTORIZADO,22:54:56,2025-10-22
NO AUTORIZADO,22:54:56,2025-10-22
NO AUTORIZADO,22:54:56,2025-10-22
NO AUTORIZADO,22:54:56,2025-10-22
NO AUTORIZADO,22:54:56,2025-10-22
NO AUTORIZADO,22:54:56,2025-10-22
NO AUTORIZADO,22:54:56,2025-10-22
NO AUTORIZADO,22:54:56,2025-10-22
NO AUTORIZADO,22:54:56,2025-10-22
NO AUTORIZADO,22:54:56,2025-10-22
NO AUTORIZADO,22:54:56,2025-10-22
NO AUTORIZADO,22:54:56,2025-10-22
NO AUTORIZADO,22:54:56,2025-10-22
NO AUTORIZADO,22:54:56,2025-10-22
NO AUTORIZADO,22:54:56,2025-10-22
NO AUTORIZADO,22:54:57,2025-10-22
NO AUTORIZADO,22:54:57,2025-10-22
NO AUTORIZADO,22:54:57,2025-10-22
NO AUTORIZADO,22:54:57,2025-10-22
NO AUTORIZADO,22:54:57,2025-10-22
NO AUTORIZADO,22:54:57,2025-10-22
NO AUTORIZADO,22:54:57,2025-10-22
NO AUTORIZADO,22:54:57,2025-10-22
NO AUTORIZADO,22:54:57,2025-10-22
NO AUTORIZADO,22:54:57,2025-10-22
NO AUTORIZADO,22:54:57,2025-10-22
NO AUTORIZADO,22:54:57,2025-10-22
NO AUTORIZADO,22:54:57,2025-10-22
NO AUTORIZADO,22:54:57,2025-10-22
NO AUTORIZADO,22:54:58,2025-10-22
NO AUTORIZADO,22:54:58,2025-10-22
NO AUTORIZADO,22:54:58,2025-10-22
NO AUTORIZADO,22:54:58,2025-10-22
NO AUTORIZADO,22:54:58,2025-10-22
NO AUTORIZADO,22:54:58,2025-10-22
NO AUTORIZADO,22:54:58,2025-10-22
NO AUTORIZADO,22:54:58,2025-10-22
NO AUTORIZADO,22:54:58,2025-10-22
NO AUTORIZADO,22:54:58,2025-10-22
NO AUTORIZADO,22:54:58,2025-10-22
NO AUTORIZADO,22:54:58,2025-10-22
NO AUTORIZADO,22:54:58,2025-10-22
NO AUTORIZADO,22:54:58,2025-10-22
NO AUTORIZADO,22:54:58,2025-10-22
NO AUTORIZADO,22:54:59,2025-10-22
NO AUTORIZADO,22:54:59,2025-10-22
NO AUTORIZADO,22:54:59,2025-10-22
NO AUTORIZADO,22:54:59,2025-10-22
NO AUTORIZADO,22:54:59,2025-10-22
NO AUTORIZADO,22:54:59,2025-10-22
NO AUTORIZADO,22:54:59,2025-10-22
NO AUTORIZADO,22:54:59,2025-10-22
NO AUTORIZADO,22:54:59,2025-10-22
NO AUTORIZADO,22:55:00,2025-10-22
NO AUTORIZADO,22:55:00,2025-10-22
NO AUTORIZADO,22:55:00,2025-10-22
NO AUTORIZADO,22:55:00,2025-10-22
NO AUTORIZADO,22:55:00,2025-10-22
NO AUTORIZADO,22:55:00,2025-10-22
NO AUTORIZADO,22:55:00,2025-10-22
NO AUTORIZADO,22:55:00,2025-10-22
NO AUTORIZADO,22:55:00,2025-10-22
NO AUTORIZADO,22:55:00,2025-10-22
NO AUTORIZADO,22:55:00,2025-10-22
NO AUTORIZADO,22:55:00,2025-10-22
NO AUTORIZADO,22:55:00,2025-10-22
NO AUTORIZADO,22:55:00,2025-10-22
NO AUTORIZADO,22:55:00,2025-10-22
NO AUTORIZADO,22:55:01,2025-10-22
NO AUTORIZADO,22:55:01,2025-10-22
NO AUTORIZADO,22:55:01,2025-10-22
NO AUTORIZADO,22:55:01,2025-10-22
NO AUTORIZADO,22:55:01,2025-10-22
NO AUTORIZADO,22:55:01,2025-10-22
NO AUTORIZADO,22:55:01,2025-10-22
NO AUTORIZADO,22:55:01,2025-10-22
NO AUTORIZADO,22:55:03,2025-10-22
NO AUTORIZADO,22:55:04,2025-10-22
NO AUTORIZADO,22:55:04,2025-10-22
NO AUTORIZADO,22:55:04,2025-10-22
NO AUTORIZADO,22:55:04,2025-10-22
NO AUTORIZADO,22:55:04,2025-10-22
NO AUTORIZADO,22:55:04,2025-10-22
NO AUTORIZADO,22:55:04,2025-10-22
NO AUTORIZADO,22:55:04,2025-10-22
NO AUTORIZADO,22:55:04,2025-10-22
NO AUTORIZADO,22:55:04,2025-10-22
NO AUTORIZADO,22:55:04,2025-10-22
NO AUTORIZADO,22:55:04,2025-10-22
NO AUTORIZADO,22:55:08,2025-10-22
NO AUTORIZADO,22:55:08,2025-10-22
NO AUTORIZADO,22:55:08,2025-10-22
NO AUTORIZADO,22:55:08,2025-10-22
NO AUTORIZADO,22:55:08,2025-10-22
NO AUTORIZADO,22:55:08,2025-10-22
NO AUTORIZADO,22:55:08,2025-10-22
NO AUTORIZADO,22:55:08,2025-10-22
NO AUTORIZADO,22:55:08,2025-10-22
NO AUTORIZADO,22:55:08,2025-10-22
NO AUTORIZADO,22:55:08,2025-10-22
NO AUTORIZADO,22:55:08,2025-10-22
NO AUTORIZADO,22:55:09,2025-10-22
NO AUTORIZADO,22:55:09,2025-10-22
NO AUTORIZADO,22:55:09,2025-10-22
NO AUTORIZADO,22:55:09,2025-10-22
NO AUTORIZADO,22:55:09,2025-10-22
NO AUTORIZADO,22:55:09,2025-10-22
NO AUTORIZADO,22:55:09,2025-10-22
NO AUTORIZADO,22:55:09,2025-10-22
NO AUTORIZADO,22:55:09,2025-10-22
NO AUTORIZADO,22:55:09,2025-10-22
NO AUTORIZADO,22:55:09,2025-10-22
NO AUTORIZADO,22:55:09,2025-10-22
NO AUTORIZADO,22:55:09,2025-10-22
NO AUTORIZADO,22:55:09,2025-10-22
NO AUTORIZADO,22:55:09,2025-10-22
NO AUTORIZADO,22:55:10,2025-10-22
NO AUTORIZADO,22:55:10,2025-10-22
NO AUTORIZADO,22:55:10,2025-10-22
NO AUTORIZADO,22:55:10,2025-10-22
NO AUTORIZADO,22:55:10,2025-10-22
NO AUTORIZADO,22:55:10,2025-10-22
NO AUTORIZADO,22:55:10,2025-10-22
NO AUTORIZADO,22:55:10,2025-10-22
NO AUTORIZADO,22:55:10,2025-10-22
NO AUTORIZADO,22:55:10,2025-10-22
NO AUTORIZADO,22:55:10,2025-10-22
NO AUTORIZADO,22:55:10,2025-10-22
NO AUTORIZADO,22:55:11,2025-10-22
NO AUTORIZADO,22:55:11,2025-10-22
NO AUTORIZADO,22:55:11,2025-10-22
NO AUTORIZADO,22:55:11,2025-10-22
NO AUTORIZADO,22:55:11,2025-10-22
NO AUTORIZADO,22:55:11,2025-10-22
NO AUTORIZADO,22:55:11,2025-10-22
NO AUTORIZADO,22:55:11,2025-10-22
NO AUTORIZADO,22:55:11,2025-10-22
NO AUTORIZADO,22:55:11,2025-10-22
NO AUTORIZADO,22:55:11,2025-10-22
NO AUTORIZADO,22:55:11,2025-10-22
NO AUTORIZADO,22:55:11,2025-10-22
NO AUTORIZADO,22:55:11,2025-10-22
NO AUTORIZADO,22:55:11,2025-10-22
NO AUTORIZADO,22:55:12,2025-10-22
NO AUTORIZADO,22:55:12,2025-10-22
NO AUTORIZADO,22:55:12,2025-10-22
NO AUTORIZADO,22:55:12,2025-10-22
NO AUTORIZADO,22:55:12,2025-10-22
NO AUTORIZADO,22:55:12,2025-10-22
NO AUTORIZADO,22:55:12,2025-10-22
NO AUTORIZADO,22:55:12,2025-10-22
NO AUTORIZADO,22:55:12,2025-10-22
NO AUTORIZADO,22:55:12,2025-10-22
NO AUTORIZADO,22:55:12,2025-10-22
NO AUTORIZADO,22:55:12,2025-10-22
NO AUTORIZADO,22:55:12,2025-10-22
NO AUTORIZADO,22:55:12,2025-10-22
NO AUTORIZADO,22:55:12,2025-10-22
NO AUTORIZADO,22:55:13,2025-10-22
NO AUTORIZADO,22:55:13,2025-10-22
NO AUTORIZADO,22:55:13,2025-10-22
NO AUTORIZADO,22:55:13,2025-10-22
NO AUTORIZADO,22:55:13,2025-10-22
NO AUTORIZADO,22:55:13,2025-10-22
NO AUTORIZADO,22:55:13,2025-10-22
NO AUTORIZADO,22:55:13,2025-10-22
NO AUTORIZADO,22:55:13,2025-10-22
NO AUTORIZADO,22:55:13,2025-10-22
NO AUTORIZADO,22:55:13,2025-10-22
NO AUTORIZADO,22:55:13,2025-10-22
NO AUTORIZADO,22:55:14,2025-10-22
NO AUTORIZADO,22:55:14,2025-10-22
NO AUTORIZADO,22:55:14,2025-10-22
NO AUTORIZADO,22:55:14,2025-10-22
NO AUTORIZADO,22:55:14,2025-10-22
NO AUTORIZADO,22:55:14,2025-10-22
NO AUTORIZADO,22:55:14,2025-10-22
NO AUTORIZADO,22:55:14,2025-10-22
NO AUTORIZADO,22:55:15,2025-10-22
NO AUTORIZADO,22:55:15,2025-10-22
NO AUTORIZADO,22:55:15,2025-10-22
NO AUTORIZADO,22:55:15,2025-10-22
NO AUTORIZADO,22:55:15,2025-10-22
NO AUTORIZADO,22:55:15,2025-10-22
NO AUTORIZADO,22:55:15,2025-10-22
NO AUTORIZADO,22:55:15,2025-10-22
NO AUTORIZADO,22:55:15,2025-10-22
NO AUTORIZADO,22:55:15,2025-10-22
NO AUTORIZADO,22:55:15,2025-10-22
NO AUTORIZADO,22:55:16,2025-10-22
NO AUTORIZADO,22:55:16,2025-10-22
NO AUTORIZADO,22:55:16,2025-10-22
NO AUTORIZADO,22:55:16,2025-10-22
NO AUTORIZADO,22:55:16,2025-10-22
NO AUTORIZADO,22:55:16,2025-10-22
NO AUTORIZADO,22:55:16,2025-10-22
NO AUTORIZADO,22:55:16,2025-10-22
NO AUTORIZADO,22:55:16,2025-10-22
NO AUTORIZADO,22:55:16,2025-10-22
NO AUTORIZADO,22:55:16,2025-10-22
NO AUTORIZADO,22:55:16,2025-10-22
NO AUTORIZADO,22:55:16,2025-10-22
NO AUTORIZADO,22:55:16,2025-10-22
NO AUTORIZADO,22:55:16,2025-10-22
NO AUTORIZADO,22:55:17,2025-10-22
NO AUTORIZADO,22:55:17,2025-10-22
NO AUTORIZADO,22:55:17,2025-10-22
NO AUTORIZADO,22:55:17,2025-10-22
NO AUTORIZADO,22:55:17,2025-10-22
NO AUTORIZADO,22:55:17,2025-10-22
NO AUTORIZADO,22:55:17,2025-10-22
NO AUTORIZADO,22:55:17,2025-10-22
NO AUTORIZADO,22:55:17,2025-10-22
NO AUTORIZADO,22:55:17,2025-10-22
NO AUTORIZADO,22:55:17,2025-10-22
NO AUTORIZADO,22:55:17,2025-10-22
NO AUTORIZADO,22:55:17,2025-10-22
NO AUTORIZADO,22:55:17,2025-10-22
NO AUTORIZADO,22:55:17,2025-10-22
NO AUTORIZADO,22:55:18,2025-10-22
NO AUTORIZADO,22:55:18,2025-10-22
NO AUTORIZADO,22:55:18,2025-10-22
NO AUTORIZADO,22:55:18,2025-10-22
NO AUTORIZADO,22:55:18,2025-10-22
NO AUTORIZADO,22:55:18,2025-10-22
NO AUTORIZADO,22:55:18,2025-10-22
NO AUTORIZADO,22:55:18,2025-10-22
NO AUTORIZADO,22:55:18,2025-10-22
NO AUTORIZADO,22:55:18,2025-10-22
NO AUTORIZADO,22:55:18,2025-10-22
NO AUTORIZADO,22:55:18,2025-10-22
NO AUTORIZADO,22:55:18,2025-10-22
NO AUTORIZADO,22:55:18,2025-10-22
NO AUTORIZADO,22:55:18,2025-10-22
NO AUTORIZADO,22:55:19,2025-10-22
NO AUTORIZADO,22:55:19,2025-10-22
NO AUTORIZADO,22:55:19,2025-10-22
NO AUTORIZADO,22:55:19,2025-10-22
NO AUTORIZADO,22:55:19,2025-10-22
NO AUTORIZADO,22:55:19,2025-10-22
NO AUTORIZADO,22:55:19,2025-10-22
NO AUTORIZADO,22:55:19,2025-10-22
NO AUTORIZADO,22:55:19,2025-10-22
NO AUTORIZADO,22:55:19,2025-10-22
NO AUTORIZADO,22:55:19,2025-10-22
NO AUTORIZADO,22:55:19,2025-10-22
NO AUTORIZADO,22:55:19,2025-10-22
NO AUTORIZADO,22:55:19,2025-10-22
NO AUTORIZADO,22:55:19,2025-10-22
NO AUTORIZADO,22:55:20,2025-10-22
NO AUTORIZADO,22:55:20,2025-10-22
NO AUTORIZADO,22:55:20,2025-10-22
NO AUTORIZADO,22:55:20,2025-10-22
NO AUTORIZADO,22:55:20,2025-10-22
NO AUTORIZADO,22:55:20,2025-10-22
NO AUTORIZADO,22:55:20,2025-10-22
NO AUTORIZADO,22:55:20,2025-10-22
NO AUTORIZADO,22:55:20,2025-10-22
NO AUTORIZADO,22:55:20,2025-10-22
NO AUTORIZADO,22:55:20,2025-10-22
NO AUTORIZADO,22:55:20,2025-10-22
NO AUTORIZADO,22:55:20,2025-10-22
NO AUTORIZADO,22:55:20,2025-10-22
NO AUTORIZADO,22:55:20,2025-10-22
NO AUTORIZADO,22:55:21,2025-10-22
NO AUTORIZADO,22:55:21,2025-10-22
NO AUTORIZADO,22:55:21,2025-10-22
NO AUTORIZADO,22:55:21,2025-10-22
NO AUTORIZADO,22:55:21,2025-10-22
NO AUTORIZADO,22:55:21,2025-10-22
NO AUTORIZADO,22:55:21,2025-10-22
NO AUTORIZADO,22:55:21,2025-10-22
NO AUTORIZADO,22:55:21,2025-10-22
NO AUTORIZADO,22:55:21,2025-10-22
NO AUTORIZADO,22:55:21,2025-10-22
NO AUTORIZADO,22:55:21,2025-10-22
NO AUTORIZADO,22:55:21,2025-10-22
NO AUTORIZADO,22:55:21,2025-10-22
NO AUTORIZADO,22:55:21,2025-10-22
NO AUTORIZADO,22:55:22,2025-10-22
NO AUTORIZADO,22:55:22,2025-10-22
NO AUTORIZADO,22:55:22,2025-10-22
NO AUTORIZADO,22:55:22,2025-10-22
NO AUTORIZADO,22:55:22,2025-10-22
NO AUTORIZADO,22:55:22,2025-10-22
NO AUTORIZADO,22:55:22,2025-10-22
NO AUTORIZADO,22:55:22,2025-10-22
NO AUTORIZADO,22:55:22,2025-10-22
NO AUTORIZADO,22:55:22,2025-10-22
NO AUTORIZADO,22:55:22,2025-10-22
NO AUTORIZADO,22:55:22,2025-10-22
NO AUTORIZADO,22:55:22,2025-10-22
NO AUTORIZADO,22:55:22,2025-10-22
NO AUTORIZADO,22:55:22,2025-10-22
NO AUTORIZADO,22:55:23,2025-10-22
NO AUTORIZADO,22:55:23,2025-10-22
NO AUTORIZADO,22:55:23,2025-10-22
NO AUTORIZADO,22:55:23,2025-10-22
NO AUTORIZADO,22:55:23,2025-10-22
NO AUTORIZADO,22:55:23,2025-10-22
NO AUTORIZADO,22:55:23,2025-10-22
NO AUTORIZADO,22:55:23,2025-10-22
NO AUTORIZADO,22:55:23,2025-10-22
NO AUTORIZADO,22:55:23,2025-10-22
NO AUTORIZADO,22:55:23,2025-10-22
NO AUTORIZADO,22:55:23,2025-10-22
NO AUTORIZADO,22:55:23,2025-10-22
NO AUTORIZADO,22:55:23,2025-10-22
NO AUTORIZADO,22:55:23,2025-10-22
NO AUTORIZADO,22:55:24,2025-10-22
NO AUTORIZADO,22:55:24,2025-10-22
NO AUTORIZADO,22:55:24,2025-10-22
NO AUTORIZADO,22:55:24,2025-10-22
NO AUTORIZADO,22:55:24,2025-10-22
NO AUTORIZADO,22:55:24,2025-10-22
NO AUTORIZADO,22:55:24,2025-10-22
NO AUTORIZADO,22:55:24,2025-10-22
NO AUTORIZADO,22:55:24,2025-10-22
NO AUTORIZADO,22:55:24,2025-10-22
NO AUTORIZADO,22:55:24,2025-10-22
NO AUTORIZADO,22:55:24,2025-10-22
NO AUTORIZADO,22:55:24,2025-10-22
NO AUTORIZADO,22:55:24,2025-10-22
NO AUTORIZADO,22:55:24,2025-10-22
NO AUTORIZADO,22:55:25,2025-10-22
NO AUTORIZADO,22:55:25,2025-10-22
NO AUTORIZADO,22:55:25,2025-10-22
NO AUTORIZADO,22:55:25,2025-10-22
NO AUTORIZADO,22:55:25,2025-10-22
NO AUTORIZADO,22:55:25,2025-10-22
NO AUTORIZADO,22:55:25,2025-10-22
NO AUTORIZADO,22:55:25,2025-10-22
NO AUTORIZADO,22:55:25,2025-10-22
NO AUTORIZADO,22:55:25,2025-10-22
NO AUTORIZADO,22:55:25,2025-10-22
NO AUTORIZADO,22:55:25,2025-10-22
NO AUTORIZADO,22:55:25,2025-10-22
NO AUTORIZADO,22:55:25,2025-10-22
NO AUTORIZADO,22:55:25,2025-10-22
NO AUTORIZADO,22:55:26,2025-10-22
NO AUTORIZADO,22:55:26,2025-10-22
NO AUTORIZADO,22:55:26,2025-10-22
NO AUTORIZADO,22:55:26,2025-10-22
NO AUTORIZADO,22:55:26,2025-10-22
NO AUTORIZADO,22:55:26,2025-10-22
NO AUTORIZADO,22:55:26,2025-10-22
NO AUTORIZADO,22:55:26,2025-10-22
NO AUTORIZADO,22:55:26,2025-10-22
NO AUTORIZADO,22:55:26,2025-10-22
NO AUTORIZADO,22:55:26,2025-10-22
NO AUTORIZADO,22:55:26,2025-10-22
NO AUTORIZADO,22:55:26,2025-10-22
NO AUTORIZADO,22:55:26,2025-10-22
NO AUTORIZADO,22:55:26,2025-10-22
NO AUTORIZADO,22:55:27,2025-10-22
NO AUTORIZADO,22:55:27,2025-10-22
NO AUTORIZADO,22:55:27,2025-10-22
NO AUTORIZADO,22:55:27,2025-10-22
NO AUTORIZADO,22:55:27,2025-10-22
NO AUTORIZADO,22:55:27,2025-10-22
NO AUTORIZADO,22:55:27,2025-10-22
NO AUTORIZADO,22:55:27,2025-10-22
NO AUTORIZADO,22:55:27,2025-10-22
NO AUTORIZADO,22:55:33,2025-10-22
NO AUTORIZADO,22:55:33,2025-10-22
NO AUTORIZADO,22:55:33,2025-10-22
NO AUTORIZADO,22:55:33,2025-10-22
NO AUTORIZADO,22:55:33,2025-10-22
NO AUTORIZADO,22:55:33,2025-10-22
NO AUTORIZADO,22:55:33,2025-10-22
NO AUTORIZADO,22:55:33,2025-10-22
NO AUTORIZADO,22:55:34,2025-10-22
NO AUTORIZADO,22:55:34,2025-10-22
NO AUTORIZADO,22:55:34,2025-10-22
NO AUTORIZADO,22:55:34,2025-10-22
NO AUTORIZADO,22:55:34,2025-10-22
NO AUTORIZADO,22:55:34,2025-10-22
NO AUTORIZADO,22:55:34,2025-10-22
NO AUTORIZADO,22:55:34,2025-10-22
NO AUTORIZADO,22:55:34,2025-10-22
NO AUTORIZADO,22:55:34,2025-10-22
NO AUTORIZADO,22:55:34,2025-10-22
NO AUTORIZADO,22:55:34,2025-10-22
NO AUTORIZADO,22:55:34,2025-10-22
NO AUTORIZADO,22:55:34,2025-10-22
NO AUTORIZADO,22:55:34,2025-10-22
NO AUTORIZADO,22:55:35,2025-10-22
NO AUTORIZADO,22:55:35,2025-10-22
NO AUTORIZADO,22:55:35,2025-10-22
NO AUTORIZADO,22:55:35,2025-10-22
NO AUTORIZADO,22:55:35,2025-10-22
NO AUTORIZADO,22:55:35,2025-10-22
NO AUTORIZADO,22:55:35,2025-10-22
NO AUTORIZADO,22:55:35,2025-10-22
NO AUTORIZADO,22:55:35,2025-10-22
NO AUTORIZADO,22:55:35,2025-10-22
NO AUTORIZADO,22:55:35,2025-10-22
NO AUTORIZADO,22:55:35,2025-10-22
NO AUTORIZADO,22:55:35,2025-10-22
NO AUTORIZADO,22:55:35,2025-10-22
NO AUTORIZADO,22:55:35,2025-10-22
NO AUTORIZADO,22:55:36,2025-10-22
NO AUTORIZADO,22:55:36,2025-10-22
NO AUTORIZADO,22:55:36,2025-10-22
NO AUTORIZADO,22:55:36,2025-10-22
NO AUTORIZADO,22:55:36,2025-10-22
NO AUTORIZADO,22:55:36,2025-10-22
NO AUTORIZADO,22:55:36,2025-10-22
NO AUTORIZADO,22:55:36,2025-10-22
NO AUTORIZADO,22:55:36,2025-10-22
NO AUTORIZADO,22:55:36,2025-10-22
NO AUTORIZADO,22:55:36,2025-10-22
NO AUTORIZADO,22:55:36,2025-10-22
NO AUTORIZADO,22:55:36,2025-10-22
NO AUTORIZADO,22:55:36,2025-10-22
NO AUTORIZADO,22:55:36,2025-10-22
NO AUTORIZADO,22:55:37,2025-10-22
NO AUTORIZADO,22:55:37,2025-10-22
NO AUTORIZADO,22:55:37,2025-10-22
NO AUTORIZADO,22:55:37,2025-10-22
NO AUTORIZADO,22:55:37,2025-10-22
NO AUTORIZADO,22:55:37,2025-10-22
NO AUTORIZADO,22:55:37,2025-10-22
NO AUTORIZADO,22:55:37,2025-10-22
NO AUTORIZADO,22:55:37,2025-10-22
NO AUTORIZADO,22:55:37,2025-10-22
NO AUTORIZADO,22:55:37,2025-10-22
NO AUTORIZADO,22:55:37,2025-10-22
NO AUTORIZADO,22:55:37,2025-10-22
NO AUTORIZADO,22:55:37,2025-10-22
NO AUTORIZADO,22:55:37,2025-10-22
NO AUTORIZADO,22:55:38,2025-10-22
NO AUTORIZADO,22:55:38,2025-10-22
NO AUTORIZADO,22:55:38,2025-10-22
NO AUTORIZADO,22:55:38,2025-10-22
NO AUTORIZADO,22:55:38,2025-10-22
NO AUTORIZADO,22:55:38,2025-10-22
NO AUTORIZADO,22:55:38,2025-10-22
NO AUTORIZADO,22:55:38,2025-10-22
NO AUTORIZADO,22:55:38,2025-10-22
NO AUTORIZADO,22:55:38,2025-10-22
NO AUTORIZADO,22:55:38,2025-10-22
NO AUTORIZADO,22:55:38,2025-10-22
NO AUTORIZADO,22:55:38,2025-10-22
NO AUTORIZADO,22:55:38,2025-10-22
NO AUTORIZADO,22:55:38,2025-10-22
NO AUTORIZADO,22:55:39,2025-10-22
NO AUTORIZADO,22:55:39,2025-10-22
NO AUTORIZADO,22:55:39,2025-10-22
NO AUTORIZADO,22:55:39,2025-10-22
NO AUTORIZADO,22:55:39,2025-10-22
NO AUTORIZADO,22:55:39,2025-10-22
NO AUTORIZADO,22:55:39,2025-10-22
NO AUTORIZADO,22:55:39,2025-10-22
NO AUTORIZADO,22:55:39,2025-10-22
NO AUTORIZADO,22:55:39,2025-10-22
NO AUTORIZADO,22:55:39,2025-10-22
NO AUTORIZADO,22:55:39,2025-10-22
NO AUTORIZADO,22:55:39,2025-10-22
NO AUTORIZADO,22:55:39,2025-10-22
NO AUTORIZADO,22:55:39,2025-10-22
NO AUTORIZADO,22:55:40,2025-10-22
NO AUTORIZADO,22:55:40,2025-10-22
NO AUTORIZADO,22:55:40,2025-10-22
NO AUTORIZADO,22:55:40,2025-10-22
NO AUTORIZADO,22:55:40,2025-10-22
NO AUTORIZADO,22:55:40,2025-10-22
NO AUTORIZADO,22:55:40,2025-10-22
NO AUTORIZADO,22:55:40,2025-10-22
NO AUTORIZADO,22:55:40,2025-10-22
NO AUTORIZADO,22:55:40,2025-10-22
NO AUTORIZADO,22:55:40,2025-10-22
NO AUTORIZADO,22:55:40,2025-10-22
NO AUTORIZADO,22:55:40,2025-10-22
NO AUTORIZADO,22:55:40,2025-10-22
NO AUTORIZADO,22:55:40,2025-10-22
NO AUTORIZADO,22:55:41,2025-10-22
NO AUTORIZADO,22:55:41,2025-10-22
NO AUTORIZADO,22:55:41,2025-10-22
NO AUTORIZADO,22:55:41,2025-10-22
NO AUTORIZADO,22:55:41,2025-10-22
NO AUTORIZADO,22:55:41,2025-10-22
NO AUTORIZADO,22:55:41,2025-10-22
NO AUTORIZADO,22:55:41,2025-10-22
NO AUTORIZADO,22:55:41,2025-10-22
NO AUTORIZADO,22:55:41,2025-10-22
NO AUTORIZADO,22:55:41,2025-10-22
NO AUTORIZADO,22:55:41,2025-10-22
NO AUTORIZADO,22:55:41,2025-10-22
NO AUTORIZADO,22:55:41,2025-10-22
NO AUTORIZADO,22:55:41,2025-10-22
NO AUTORIZADO,22:55:42,2025-10-22
NO AUTORIZADO,22:55:42,2025-10-22
NO AUTORIZADO,22:55:42,2025-10-22
NO AUTORIZADO,22:55:42,2025-10-22
NO AUTORIZADO,22:55:42,2025-10-22
NO AUTORIZADO,22:55:42,2025-10-22
NO AUTORIZADO,22:55:42,2025-10-22
NO AUTORIZADO,22:55:42,2025-10-22
NO AUTORIZADO,22:55:42,2025-10-22
NO AUTORIZADO,22:55:42,2025-10-22
NO AUTORIZADO,22:55:42,2025-10-22
NO AUTORIZADO,22:55:42,2025-10-22
NO AUTORIZADO,22:55:42,2025-10-22
NO AUTORIZADO,22:55:42,2025-10-22
NO AUTORIZADO,22:55:42,2025-10-22
NO AUTORIZADO,22:55:43,2025-10-22
NO AUTORIZADO,22:55:43,2025-10-22
NO AUTORIZADO,22:55:43,2025-10-22
NO AUTORIZADO,22:55:43,2025-10-22
NO AUTORIZADO,22:55:43,2025-10-22
NO AUTORIZADO,22:55:43,2025-10-22
NO AUTORIZADO,22:55:43,2025-10-22
NO AUTORIZADO,22:55:43,2025-10-22
NO AUTORIZADO,22:55:43,2025-10-22
NO AUTORIZADO,22:55:43,2025-10-22
NO AUTORIZADO,22:55:43,2025-10-22
NO AUTORIZADO,22:55:43,2025-10-22
NO AUTORIZADO,22:55:43,2025-10-22
NO AUTORIZADO,22:55:43,2025-10-22
NO AUTORIZADO,22:55:43,2025-10-22
NO AUTORIZADO,22:55:44,2025-10-22
NO AUTORIZADO,22:55:44,2025-10-22
NO AUTORIZADO,22:55:44,2025-10-22
NO AUTORIZADO,22:55:44,2025-10-22
NO AUTORIZADO,22:55:44,2025-10-22
NO AUTORIZADO,22:55:44,2025-10-22
NO AUTORIZADO,22:55:44,2025-10-22
NO AUTORIZADO,22:55:44,2025-10-22
NO AUTORIZADO,22:55:44,2025-10-22
NO AUTORIZADO,22:55:44,2025-10-22
NO AUTORIZADO,22:55:44,2025-10-22
NO AUTORIZADO,22:55:44,2025-10-22
NO AUTORIZADO,22:55:44,2025-10-22
NO AUTORIZADO,22:55:44,2025-10-22
NO AUTORIZADO,22:55:44,2025-10-22
NO AUTORIZADO,22:55:45,2025-10-22
NO AUTORIZADO,22:55:45,2025-10-22
NO AUTORIZADO,22:55:45,2025-10-22
NO AUTORIZADO,22:55:45,2025-10-22
NO AUTORIZADO,22:55:45,2025-10-22
NO AUTORIZADO,22:55:45,2025-10-22
NO AUTORIZADO,22:55:45,2025-10-22
NO AUTORIZADO,22:55:45,2025-10-22
NO AUTORIZADO,22:55:45,2025-10-22
NO AUTORIZADO,22:55:45,2025-10-22
NO AUTORIZADO,22:55:45,2025-10-22
NO AUTORIZADO,22:55:45,2025-10-22
NO AUTORIZADO,22:55:45,2025-10-22
NO AUTORIZADO,22:55:45,2025-10-22
NO AUTORIZADO,22:55:45,2025-10-22
NO AUTORIZADO,22:55:46,2025-10-22
NO AUTORIZADO,22:55:46,2025-10-22
NO AUTORIZADO,22:55:46,2025-10-22
NO AUTORIZADO,22:55:46,2025-10-22
NO AUTORIZADO,22:55:46,2025-10-22
NO AUTORIZADO,22:55:46,2025-10-22
NO AUTORIZADO,22:55:46,2025-10-22
NO AUTORIZADO,22:55:46,2025-10-22
NO AUTORIZADO,22:55:46,2025-10-22
NO AUTORIZADO,22:55:46,2025-10-22
NO AUTORIZADO,22:55:46,2025-10-22
NO AUTORIZADO,22:55:46,2025-10-22
NO AUTORIZADO,22:55:46,2025-10-22
NO AUTORIZADO,22:51:09,2025-10-26
NO AUTORIZADO,22:51:09,2025-10-26
NO AUTORIZADO,22:51:17,2025-10-26
NO AUTORIZADO,22:51:18,2025-10-26
NO AUTORIZADO,22:51:18,2025-10-26
NO AUTORIZADO,22:51:18,2025-10-26
NO AUTORIZADO,22:51:18,2025-10-26
NO AUTORIZADO,22:51:18,2025-10-26
NO AUTORIZADO,22:51:18,2025-10-26
NO AUTORIZADO,22:51:18,2025-10-26
NO AUTORIZADO,22:51:18,2025-10-26
NO AUTORIZADO,22:51:18,2025-10-26
NO AUTORIZADO,22:51:18,2025-10-26
NO AUTORIZADO,22:51:18,2025-10-26
NO AUTORIZADO,22:51:18,2025-10-26
NO AUTORIZADO,22:51:19,2025-10-26
NO AUTORIZADO,22:51:19,2025-10-26
NO AUTORIZADO,22:51:19,2025-10-26
NO AUTORIZADO,22:51:19,2025-10-26
NO AUTORIZADO,22:51:19,2025-10-26
NO AUTORIZADO,22:51:19,2025-10-26
NO AUTORIZADO,22:51:19,2025-10-26
NO AUTORIZADO,22:51:19,2025-10-26
NO AUTORIZADO,22:51:19,2025-10-26
NO AUTORIZADO,22:51:19,2025-10-26
NO AUTORIZADO,22:51:19,2025-10-26
NO AUTORIZADO,22:51:19,2025-10-26
NO AUTORIZADO,22:51:19,2025-10-26
NO AUTORIZADO,22:51:19,2025-10-26
NO AUTORIZADO,22:51:19,2025-10-26
NO AUTORIZADO,22:51:20,2025-10-26
NO AUTORIZADO,22:51:20,2025-10-26
NO AUTORIZADO,22:51:20,2025-10-26
NO AUTORIZADO,22:51:20,2025-10-26
NO AUTORIZADO,22:51:20,2025-10-26
NO AUTORIZADO,22:51:20,2025-10-26
NO AUTORIZADO,22:51:20,2025-10-26
NO AUTORIZADO,22:51:20,2025-10-26
NO AUTORIZADO,22:51:20,2025-10-26
NO AUTORIZADO,22:51:20,2025-10-26
NO AUTORIZADO,22:51:20,2025-10-26
NO AUTORIZADO,22:51:20,2025-10-26
NO AUTORIZADO,22:51:20,2025-10-26
NO AUTORIZADO,22:51:20,2025-10-26
NO AUTORIZADO,22:51:20,2025-10-26
NO AUTORIZADO,22:51:21,2025-10-26
NO AUTORIZADO,22:51:21,2025-10-26
NO AUTORIZADO,22:51:21,2025-10-26
NO AUTORIZADO,22:51:21,2025-10-26
NO AUTORIZADO,22:51:21,2025-10-26
NO AUTORIZADO,22:51:21,2025-10-26
NO AUTORIZADO,22:51:21,2025-10-26
NO AUTORIZADO,22:51:21,2025-10-26
NO AUTORIZADO,22:51:21,2025-10-26
NO AUTORIZADO,22:52:35,2025-10-26
NO AUTORIZADO,22:52:46,2025-10-26
NO AUTORIZADO,22:52:47,2025-10-26
NO AUTORIZADO,22:52:47,2025-10-26
NO AUTORIZADO,22:52:47,2025-10-26
NO AUTORIZADO,22:52:47,2025-10-26
NO AUTORIZADO,22:52:47,2025-10-26
NO AUTORIZADO,22:52:47,2025-10-26
NO AUTORIZADO,22:52:47,2025-10-26
NO AUTORIZADO,22:52:47,2025-10-26
NO AUTORIZADO,22:52:47,2025-10-26
NO AUTORIZADO,22:52:48,2025-10-26
NO AUTORIZADO,22:52:48,2025-10-26
NO AUTORIZADO,22:52:48,2025-10-26
NO AUTORIZADO,22:52:48,2025-10-26
NO AUTORIZADO,22:52:48,2025-10-26
NO AUTORIZADO,22:52:48,2025-10-26
NO AUTORIZADO,22:52:48,2025-10-26
NO AUTORIZADO,22:52:49,2025-10-26
NO AUTORIZADO,22:52:51,2025-10-26
NO AUTORIZADO,22:52:51,2025-10-26
NO AUTORIZADO,22:52:51,2025-10-26
NO AUTORIZADO,22:52:51,2025-10-26
NO AUTORIZADO,22:52:51,2025-10-26
NO AUTORIZADO,22:52:51,2025-10-26
NO AUTORIZADO,22:52:51,2025-10-26
NO AUTORIZADO,22:52:51,2025-10-26
NO AUTORIZADO,22:52:51,2025-10-26
NO AUTORIZADO,22:52:51,2025-10-26
NO AUTORIZADO,22:52:51,2025-10-26
NO AUTORIZADO,22:52:52,2025-10-26
NO AUTORIZADO,22:52:52,2025-10-26
NO AUTORIZADO,22:52:52,2025-10-26
NO AUTORIZADO,22:52:52,2025-10-26
NO AUTORIZADO,22:52:52,2025-10-26
NO AUTORIZADO,22:52:52,2025-10-26
NO AUTORIZADO,22:52:52,2025-10-26
NO AUTORIZADO,22:52:52,2025-10-26
NO AUTORIZADO,22:52:52,2025-10-26
NO AUTORIZADO,22:52:52,2025-10-26
NO AUTORIZADO,22:52:52,2025-10-26
NO AUTORIZADO,22:52:52,2025-10-26
NO AUTORIZADO,22:52:52,2025-10-26
NO AUTORIZADO,22:52:52,2025-10-26
NO AUTORIZADO,22:52:52,2025-10-26
NO AUTORIZADO,22:52:52,2025-10-26
NO AUTORIZADO,22:52:53,2025-10-26
NO AUTORIZADO,22:52:53,2025-10-26
NO AUTORIZADO,22:52:53,2025-10-26
NO AUTORIZADO,22:52:53,2025-10-26
NO AUTORIZADO,22:52:53,2025-10-26
NO AUTORIZADO,22:52:53,2025-10-26
NO AUTORIZADO,22:52:53,2025-10-26
NO AUTORIZADO,22:52:53,2025-10-26
NO AUTORIZADO,22:52:53,2025-10-26
NO AUTORIZADO,22:52:53,2025-10-26
NO AUTORIZADO,22:52:53,2025-10-26
NO AUTORIZADO,22:52:53,2025-10-26
NO AUTORIZADO,22:52:53,2025-10-26
NO AUTORIZADO,22:52:53,2025-10-26
NO AUTORIZADO,22:52:54,2025-10-26
NO AUTORIZADO,22:52:54,2025-10-26
NO AUTORIZADO,22:52:54,2025-10-26
NO AUTORIZADO,22:52:54,2025-10-26
NO AUTORIZADO,22:52:54,2025-10-26
NO AUTORIZADO,22:52:54,2025-10-26
NO AUTORIZADO,22:52:54,2025-10-26
NO AUTORIZADO,22:57:21,2025-10-26
NO AUTORIZADO,22:59:12,2025-10-26
NO AUTORIZADO,22:59:15,2025-10-26
NO AUTORIZADO,22:59:17,2025-10-26
NO AUTORIZADO,22:59:20,2025-10-26
NO AUTORIZADO,22:59:25,2025-10-26
NO AUTORIZADO,22:59:27,2025-10-26
NO AUTORIZADO,23:03:24,2025-10-26
NO AUTORIZADO,23:03:27,2025-10-26
NO AUTORIZADO,23:03:29,2025-10-26
NO AUTORIZADO,23:03:32,2025-10-26
NO AUTORIZADO,23:03:34,2025-10-26
NO AUTORIZADO,23:32:09,2025-10-26
NO AUTORIZADO,23:32:12,2025-10-26
NO AUTORIZADO,23:32:12,2025-10-26
NO AUTORIZADO,23:32:12,2025-10-26
NO AUTORIZADO,23:32:12,2025-10-26
NO AUTORIZADO,23:32:12,2025-10-26
NO AUTORIZADO,23:32:13,2025-10-26
NO AUTORIZADO,23:32:13,2025-10-26
NO AUTORIZADO,23:32:13,2025-10-26
NO AUTORIZADO,23:32:13,2025-10-26
NO AUTORIZADO,23:32:13,2025-10-26
NO AUTORIZADO,23:32:13,2025-10-26
NO AUTORIZADO,23:32:13,2025-10-26
NO AUTORIZADO,23:32:13,2025-10-26
NO AUTORIZADO,23:32:13,2025-10-26
NO AUTORIZADO,23:32:13,2025-10-26
NO AUTORIZADO,23:32:13,2025-10-26
NO AUTORIZADO,23:32:13,2025-10-26
NO AUTORIZADO,23:32:13,2025-10-26
NO AUTORIZADO,23:32:18,2025-10-26
NO AUTORIZADO,23:32:18,2025-10-26
NO AUTORIZADO,23:32:18,2025-10-26
NO AUTORIZADO,23:32:18,2025-10-26
NO AUTORIZADO,23:32:18,2025-10-26
NO AUTORIZADO,23:32:18,2025-10-26
NO AUTORIZADO,23:32:18,2025-10-26
NO AUTORIZADO,23:32:18,2025-10-26
NO AUTORIZADO,23:32:18,2025-10-26
NO AUTORIZADO,23:32:18,2025-10-26
NO AUTORIZADO,23:32:18,2025-10-26
NO AUTORIZADO,23:32:18,2025-10-26
NO AUTORIZADO,23:32:18,2025-10-26
NO AUTORIZADO,23:32:18,2025-10-26
NO AUTORIZADO,23:32:19,2025-10-26
NO AUTORIZADO,23:32:19,2025-10-26
NO AUTORIZADO,23:32:19,2025-10-26
NO AUTORIZADO,23:32:19,2025-10-26
NO AUTORIZADO,23:32:19,2025-10-26
NO AUTORIZADO,23:32:19,2025-10-26
NO AUTORIZADO,23:32:19,2025-10-26
NO AUTORIZADO,23:32:19,2025-10-26
NO AUTORIZADO,23:32:19,2025-10-26
NO AUTORIZADO,23:32:19,2025-10-26
NO AUTORIZADO,23:32:19,2025-10-26
NO AUTORIZADO,23:32:19,2025-10-26
NO AUTORIZADO,23:32:19,2025-10-26
NO AUTORIZADO,23:32:20,2025-10-26
NO AUTORIZADO,23:32:20,2025-10-26
NO AUTORIZADO,23:32:20,2025-10-26
NO AUTORIZADO,23:32:20,2025-10-26
NO AUTORIZADO,23:32:20,2025-10-26
NO AUTORIZADO,23:32:20,2025-10-26
NO AUTORIZADO,23:32:20,2025-10-26
NO AUTORIZADO,23:32:20,2025-10-26
NO AUTORIZADO,23:32:20,2025-10-26
NO AUTORIZADO,23:32:20,2025-10-26
NO AUTORIZADO,23:32:20,2025-10-26
NO AUTORIZADO,23:32:20,2025-10-26
NO AUTORIZADO,23:32:20,2025-10-26
NO AUTORIZADO,23:32:20,2025-10-26
NO AUTORIZADO,23:32:20,2025-10-26
NO AUTORIZADO,23:32:21,2025-10-26
NO AUTORIZADO,23:32:21,2025-10-26
NO AUTORIZADO,23:32:21,2025-10-26
NO AUTORIZADO,23:32:21,2025-10-26
